DATA INICIAL,DATA FINAL,REGIAO,ESTADOS,PRODUTO,NÚMERO DE POSTOS PESQUISADOS,UNIDADE DE MEDIDA,PREÇO MÉDIO REVENDA,DESVIO PADRÃO REVENDA,PREÇO MÍNIMO REVENDA,PREÇO MÁXIMO REVENDA,COEF DE VARIAÇÃO REVENDA
2022-08-07 00:00:00,2022-08-13 00:00:00,NORTE,ACRE,ETANOL HIDRATADO,20,R$/l,5.04,0.37321363996058815,4.94,5.94,0.07410063836479501
2022-08-07 00:00:00,2022-08-13 00:00:00,NORDESTE,ALAGOAS,ETANOL HIDRATADO,58,R$/l,4.89,0.46135639994227357,4.39,6.44,0.0943230185876147
2022-08-07 00:00:00,2022-08-13 00:00:00,NORTE,AMAZONAS,ETANOL HIDRATADO,45,R$/l,4.77,0.19837165405196672,4.59,5.49,0.041620664380877304
2022-08-07 00:00:00,2022-08-13 00:00:00,NORDESTE,BAHIA,ETANOL HIDRATADO,320,R$/l,4.88,0.23859564960941587,4.29,5.99,0.04894204270701379
2022-08-07 00:00:00,2022-08-13 00:00:00,NORDESTE,CEARA,ETANOL HIDRATADO,195,R$/l,5.15,0.3893900827343362,4.67,6.5,0.075612860276604
2022-08-07 00:00:00,2022-08-13 00:00:00,CENTRO OESTE,DISTRITO FEDERAL,ETANOL HIDRATADO,47,R$/l,4.72,0.18477052798295734,4.48,5.39,0.03913747719680468
2022-08-07 00:00:00,2022-08-13 00:00:00,SUDESTE,ESPIRITO SANTO,ETANOL HIDRATADO,79,R$/l,4.77,0.3303072365186569,4.16,5.99,0.06919963674976454
2022-08-07 00:00:00,2022-08-13 00:00:00,CENTRO OESTE,GOIAS,ETANOL HIDRATADO,231,R$/l,3.91,0.2634129754460705,3.5,4.99,0.06733954945162067
2022-08-07 00:00:00,2022-08-13 00:00:00,NORDESTE,MARANHAO,ETANOL HIDRATADO,68,R$/l,4.97,0.3687397265722668,4.5,5.99,0.0742076628708232
2022-08-07 00:00:00,2022-08-13 00:00:00,CENTRO OESTE,MATO GROSSO,ETANOL HIDRATADO,157,R$/l,3.68,0.23176338339508515,3.43,4.49,0.06294379170573278
2022-08-07 00:00:00,2022-08-13 00:00:00,CENTRO OESTE,MATO GROSSO DO SUL,ETANOL HIDRATADO,84,R$/l,4.24,0.34778544948790174,3.89,5.07,0.08207085354184947
2022-08-07 00:00:00,2022-08-13 00:00:00,SUDESTE,MINAS GERAIS,ETANOL HIDRATADO,547,R$/l,4.02,0.25923742685150647,3.59,4.89,0.06449944859982797
2022-08-07 00:00:00,2022-08-13 00:00:00,SUL,PARANA,ETANOL HIDRATADO,349,R$/l,4.38,0.2845745097202457,3.79,4.99,0.0650017418737253
2022-08-07 00:00:00,2022-08-13 00:00:00,NORDESTE,PARAIBA,ETANOL HIDRATADO,60,R$/l,4.94,0.29913358881075575,4.59,5.97,0.06061392609538052
2022-08-07 00:00:00,2022-08-13 00:00:00,NORTE,PARA,ETANOL HIDRATADO,43,R$/l,5.25,0.40562340082903336,4.65,6.59,0.07726853668682794
2022-08-07 00:00:00,2022-08-13 00:00:00,NORDESTE,PERNAMBUCO,ETANOL HIDRATADO,169,R$/l,5.09,0.28361618934246824,4.68,6.24,0.05572497154883293
2022-08-07 00:00:00,2022-08-13 00:00:00,NORDESTE,PIAUI,ETANOL HIDRATADO,50,R$/l,4.73,0.28209854986641586,4.55,5.7,0.05968284567091849
2022-08-07 00:00:00,2022-08-13 00:00:00,SUDESTE,RIO DE JANEIRO,ETANOL HIDRATADO,362,R$/l,4.71,0.3092677755494611,4.22,5.89,0.06572405633641484
2022-08-07 00:00:00,2022-08-13 00:00:00,NORDESTE,RIO GRANDE DO NORTE,ETANOL HIDRATADO,57,R$/l,5.25,0.3258751471481404,4.89,5.99,0.062042434644044755
2022-08-07 00:00:00,2022-08-13 00:00:00,SUL,RIO GRANDE DO SUL,ETANOL HIDRATADO,114,R$/l,5.37,0.5737252160950213,4.499,6.99,0.10681249547866022
2022-08-07 00:00:00,2022-08-13 00:00:00,NORTE,RONDONIA,ETANOL HIDRATADO,34,R$/l,5.26,0.38256114583557793,4.95,6.78,0.0727263123665961
2022-08-07 00:00:00,2022-08-13 00:00:00,NORTE,RORAIMA,ETANOL HIDRATADO,1,R$/l,5.49,-,5.49,5.49,-
2022-08-07 00:00:00,2022-08-13 00:00:00,SUL,SANTA CATARINA,ETANOL HIDRATADO,124,R$/l,5.08,0.41931582842218285,3.699,6.549,0.08256486238657501
2022-08-07 00:00:00,2022-08-13 00:00:00,NORDESTE,SERGIPE,ETANOL HIDRATADO,36,R$/l,4.9,0.20393976701817773,4.52,5.38,0.041618882311164264
2022-08-07 00:00:00,2022-08-13 00:00:00,SUDESTE,SAO PAULO,ETANOL HIDRATADO,1553,R$/l,3.83,0.23149555202093908,3.39,6.37,0.06040373058561679
2022-08-07 00:00:00,2022-08-13 00:00:00,NORTE,TOCANTINS,ETANOL HIDRATADO,32,R$/l,4.93,0.3757968683881261,4.33,6.35,0.07627223564354459
2022-08-07 00:00:00,2022-08-13 00:00:00,NORTE,ACRE,GASOLINA COMUM,39,R$/l,5.96,0.40842956534946384,5.67,6.74,0.06850069010159647
2022-08-07 00:00:00,2022-08-13 00:00:00,NORDESTE,ALAGOAS,GASOLINA COMUM,59,R$/l,5.53,0.3480555488828238,5.27,6.54,0.06299959488243204
2022-08-07 00:00:00,2022-08-13 00:00:00,NORTE,AMAPA,GASOLINA COMUM,27,R$/l,5.02,0.11813725177271692,4.93,5.29,0.023551579787110352
2022-08-07 00:00:00,2022-08-13 00:00:00,NORTE,AMAZONAS,GASOLINA COMUM,74,R$/l,5.64,0.4857187014918173,5.39,7,0.08612198890023627
2022-08-07 00:00:00,2022-08-13 00:00:00,NORDESTE,BAHIA,GASOLINA COMUM,314,R$/l,5.77,0.1793954181743344,5.09,6.28,0.031078891147934357
2022-08-07 00:00:00,2022-08-13 00:00:00,NORDESTE,CEARA,GASOLINA COMUM,209,R$/l,5.64,0.28242818389421476,5.27,6.49,0.050124555959086485
2022-08-07 00:00:00,2022-08-13 00:00:00,CENTRO OESTE,DISTRITO FEDERAL,GASOLINA COMUM,47,R$/l,5.42,0.15252757898057726,5.19,5.99,0.02816815800427165
2022-08-07 00:00:00,2022-08-13 00:00:00,SUDESTE,ESPIRITO SANTO,GASOLINA COMUM,98,R$/l,5.62,0.18747629403405172,5.199,6.49,0.03333443296849168
2022-08-07 00:00:00,2022-08-13 00:00:00,CENTRO OESTE,GOIAS,GASOLINA COMUM,228,R$/l,5.27,0.26901683871090404,4.74,5.99,0.05104269669513245
2022-08-07 00:00:00,2022-08-13 00:00:00,NORDESTE,MARANHAO,GASOLINA COMUM,115,R$/l,5.43,0.397946809074761,5.05,6.93,0.0732608535340751
2022-08-07 00:00:00,2022-08-13 00:00:00,CENTRO OESTE,MATO GROSSO,GASOLINA COMUM,158,R$/l,5.55,0.2846001451204763,4.99,6.75,0.051309854094367
2022-08-07 00:00:00,2022-08-13 00:00:00,CENTRO OESTE,MATO GROSSO DO SUL,GASOLINA COMUM,87,R$/l,5.26,0.3458171793279083,5.05,6.1,0.06575392734881218
2022-08-07 00:00:00,2022-08-13 00:00:00,SUDESTE,MINAS GERAIS,GASOLINA COMUM,545,R$/l,5.4,0.22892021116568173,4.97,6.39,0.04236591481308506
2022-08-07 00:00:00,2022-08-13 00:00:00,SUL,PARANA,GASOLINA COMUM,348,R$/l,5.52,0.191660413927305,4.79,5.89,0.03470240564381626
2022-08-07 00:00:00,2022-08-13 00:00:00,NORDESTE,PARAIBA,GASOLINA COMUM,63,R$/l,5.57,0.09028117879292243,5.45,5.99,0.016209875714680227
2022-08-07 00:00:00,2022-08-13 00:00:00,NORTE,PARA,GASOLINA COMUM,125,R$/l,5.62,0.44398810678636635,5.12,7.69,0.07905423850994142
2022-08-07 00:00:00,2022-08-13 00:00:00,NORDESTE,PERNAMBUCO,GASOLINA COMUM,185,R$/l,5.6,0.22728921615220427,5.31,6.48,0.04057510877140654
2022-08-07 00:00:00,2022-08-13 00:00:00,NORDESTE,PIAUI,GASOLINA COMUM,67,R$/l,5.68,0.14069061424676674,5.55,5.99,0.024791964850757114
2022-08-07 00:00:00,2022-08-13 00:00:00,SUDESTE,RIO DE JANEIRO,GASOLINA COMUM,366,R$/l,5.63,0.2626291162429545,4.99,6.49,0.04666427854539102
2022-08-07 00:00:00,2022-08-13 00:00:00,NORDESTE,RIO GRANDE DO NORTE,GASOLINA COMUM,57,R$/l,5.68,0.2572345457531357,5.45,6.49,0.04532589113946977
2022-08-07 00:00:00,2022-08-13 00:00:00,SUL,RIO GRANDE DO SUL,GASOLINA COMUM,348,R$/l,5.37,0.31543684648548315,4.89,6.69,0.058691800192089784
2022-08-07 00:00:00,2022-08-13 00:00:00,NORTE,RONDONIA,GASOLINA COMUM,73,R$/l,5.57,0.3393249885715786,5.19,6.79,0.06093422512774903
2022-08-07 00:00:00,2022-08-13 00:00:00,NORTE,RORAIMA,GASOLINA COMUM,13,R$/l,5.84,1.8488908177493114e-15,5.84,5.84,3.165908934502244e-16
2022-08-07 00:00:00,2022-08-13 00:00:00,SUL,SANTA CATARINA,GASOLINA COMUM,235,R$/l,5.6,0.3512286279357812,4.96,7.46,0.06271800517415277
2022-08-07 00:00:00,2022-08-13 00:00:00,NORDESTE,SERGIPE,GASOLINA COMUM,44,R$/l,5.32,0.05771915675997391,5.23,5.58,0.010842471287009131
2022-08-07 00:00:00,2022-08-13 00:00:00,SUDESTE,SAO PAULO,GASOLINA COMUM,1532,R$/l,5.4,0.2727584330110454,4.74,6.99,0.05054742968974884
2022-08-07 00:00:00,2022-08-13 00:00:00,NORTE,TOCANTINS,GASOLINA COMUM,37,R$/l,5.8,0.21749322587911404,5.58,6.79,0.03748145499797474
2022-08-07 00:00:00,2022-08-13 00:00:00,NORTE,ACRE,GASOLINA ADITIVADA,29,R$/l,5.97,0.292395827940558,5.73,6.74,0.04894756491030386
2022-08-07 00:00:00,2022-08-13 00:00:00,NORDESTE,ALAGOAS,GASOLINA ADITIVADA,42,R$/l,5.74,0.336683627865892,5.39,6.94,0.058647628386950194
2022-08-07 00:00:00,2022-08-13 00:00:00,NORTE,AMAPA,GASOLINA ADITIVADA,3,R$/l,5.42,0.18330302779823376,5.25,5.61,0.033802284391501396
2022-08-07 00:00:00,2022-08-13 00:00:00,NORTE,AMAZONAS,GASOLINA ADITIVADA,49,R$/l,5.65,0.38587011843276964,5.39,6.64,0.06825539698469182
2022-08-07 00:00:00,2022-08-13 00:00:00,NORDESTE,BAHIA,GASOLINA ADITIVADA,266,R$/l,5.87,0.2455384181101853,5.09,6.99,0.04185056910008491
2022-08-07 00:00:00,2022-08-13 00:00:00,NORDESTE,CEARA,GASOLINA ADITIVADA,178,R$/l,5.91,0.40085538657299097,5.29,7.79,0.06786940493443072
2022-08-07 00:00:00,2022-08-13 00:00:00,CENTRO OESTE,DISTRITO FEDERAL,GASOLINA ADITIVADA,43,R$/l,5.52,0.29717738214113293,5.34,6.89,0.05387279693114975
2022-08-07 00:00:00,2022-08-13 00:00:00,SUDESTE,ESPIRITO SANTO,GASOLINA ADITIVADA,88,R$/l,5.76,0.22182786749007283,5.299,6.99,0.038546384311550476
2022-08-07 00:00:00,2022-08-13 00:00:00,CENTRO OESTE,GOIAS,GASOLINA ADITIVADA,123,R$/l,5.43,0.312925599827801,4.99,6.79,0.057610249206697606
2022-08-07 00:00:00,2022-08-13 00:00:00,NORDESTE,MARANHAO,GASOLINA ADITIVADA,81,R$/l,5.59,0.3984483794810956,5.05,6.8,0.07134425247922555
2022-08-07 00:00:00,2022-08-13 00:00:00,CENTRO OESTE,MATO GROSSO,GASOLINA ADITIVADA,83,R$/l,5.7,0.28639828707972065,4.99,6.49,0.05022137030950327
2022-08-07 00:00:00,2022-08-13 00:00:00,CENTRO OESTE,MATO GROSSO DO SUL,GASOLINA ADITIVADA,63,R$/l,5.43,0.31796443588627854,5.05,6.19,0.05852109633786115
2022-08-07 00:00:00,2022-08-13 00:00:00,SUDESTE,MINAS GERAIS,GASOLINA ADITIVADA,331,R$/l,5.58,0.26353647869306585,5.13,7.74,0.047206532058127436
2022-08-07 00:00:00,2022-08-13 00:00:00,SUL,PARANA,GASOLINA ADITIVADA,264,R$/l,5.67,0.24938998915295452,4.89,6.89,0.04402407192731289
2022-08-07 00:00:00,2022-08-13 00:00:00,NORDESTE,PARAIBA,GASOLINA ADITIVADA,35,R$/l,5.76,0.19551397465581402,5.46,6.65,0.03393313599723256
2022-08-07 00:00:00,2022-08-13 00:00:00,NORTE,PARA,GASOLINA ADITIVADA,85,R$/l,5.91,0.39331322647178685,5.29,6.99,0.06654763130889914
2022-08-07 00:00:00,2022-08-13 00:00:00,NORDESTE,PERNAMBUCO,GASOLINA ADITIVADA,127,R$/l,5.79,0.27436657116543617,5.34,6.98,0.04739144365181373
2022-08-07 00:00:00,2022-08-13 00:00:00,NORDESTE,PIAUI,GASOLINA ADITIVADA,54,R$/l,5.92,0.3125055415301815,5.58,7.48,0.052785904857499455
2022-08-07 00:00:00,2022-08-13 00:00:00,SUDESTE,RIO DE JANEIRO,GASOLINA ADITIVADA,310,R$/l,5.73,0.2801555806110797,5.25,6.99,0.04887187809256881
2022-08-07 00:00:00,2022-08-13 00:00:00,NORDESTE,RIO GRANDE DO NORTE,GASOLINA ADITIVADA,53,R$/l,5.68,0.2184838573811332,5.43,6.49,0.03845799677399768
2022-08-07 00:00:00,2022-08-13 00:00:00,SUL,RIO GRANDE DO SUL,GASOLINA ADITIVADA,347,R$/l,5.51,0.33475564964876164,5,6.89,0.060710447509327636
2022-08-07 00:00:00,2022-08-13 00:00:00,NORTE,RONDONIA,GASOLINA ADITIVADA,56,R$/l,5.75,0.3452950310119717,5.27,6.93,0.060094148558903146
2022-08-07 00:00:00,2022-08-13 00:00:00,NORTE,RORAIMA,GASOLINA ADITIVADA,11,R$/l,5.95,0.11530985923312723,5.87,6.27,0.0193857321039951
2022-08-07 00:00:00,2022-08-13 00:00:00,SUL,SANTA CATARINA,GASOLINA ADITIVADA,210,R$/l,5.66,0.3510817263584375,4.96,7.46,0.06198215528762871
2022-08-07 00:00:00,2022-08-13 00:00:00,NORDESTE,SERGIPE,GASOLINA ADITIVADA,39,R$/l,5.43,0.1647400110934217,5.23,6.18,0.03032239185581754
2022-08-07 00:00:00,2022-08-13 00:00:00,SUDESTE,SAO PAULO,GASOLINA ADITIVADA,1086,R$/l,5.64,0.3603201265779225,4.63,7.99,0.06385890633676047
2022-08-07 00:00:00,2022-08-13 00:00:00,NORTE,TOCANTINS,GASOLINA ADITIVADA,24,R$/l,6.02,0.32593427585007545,5.69,6.79,0.054120863146348286
2022-08-07 00:00:00,2022-08-13 00:00:00,NORTE,ACRE,OLEO DIESEL,35,R$/l,8.41,0.372719508387706,7.72,8.65,0.04431637258015793
2022-08-07 00:00:00,2022-08-13 00:00:00,NORDESTE,ALAGOAS,OLEO DIESEL,34,R$/l,7.13,0.5046338747979398,6.74,8.35,0.07078086688376369
2022-08-07 00:00:00,2022-08-13 00:00:00,NORTE,AMAPA,OLEO DIESEL,14,R$/l,7.26,0.2643050185999933,7.03,7.89,0.03642641935718177
2022-08-07 00:00:00,2022-08-13 00:00:00,NORTE,AMAZONAS,OLEO DIESEL,31,R$/l,7.35,0.42422275544407,7.09,8.39,0.057714304994272735
2022-08-07 00:00:00,2022-08-13 00:00:00,NORDESTE,BAHIA,OLEO DIESEL,162,R$/l,6.96,0.3728453885548034,6.46,8.25,0.05359812478735517
2022-08-07 00:00:00,2022-08-13 00:00:00,NORDESTE,CEARA,OLEO DIESEL,29,R$/l,7.42,0.38344690257400177,6.76,8.19,0.051665921084468595
2022-08-07 00:00:00,2022-08-13 00:00:00,CENTRO OESTE,DISTRITO FEDERAL,OLEO DIESEL,28,R$/l,7.2,0.23285438372760764,6.98,7.89,0.032328058034376314
2022-08-07 00:00:00,2022-08-13 00:00:00,SUDESTE,ESPIRITO SANTO,OLEO DIESEL,36,R$/l,7.12,0.18385597149390676,6.79,7.499,0.025841623840073887
2022-08-07 00:00:00,2022-08-13 00:00:00,CENTRO OESTE,GOIAS,OLEO DIESEL,125,R$/l,7.32,0.23588321003028936,6.73,7.94,0.03223352348542835
2022-08-07 00:00:00,2022-08-13 00:00:00,NORDESTE,MARANHAO,OLEO DIESEL,56,R$/l,7.2,0.30535629604196385,6.94,7.99,0.0424265779670654
2022-08-07 00:00:00,2022-08-13 00:00:00,CENTRO OESTE,MATO GROSSO,OLEO DIESEL,71,R$/l,7.49,0.2775141158698818,6.95,8.19,0.03704513605295902
2022-08-07 00:00:00,2022-08-13 00:00:00,CENTRO OESTE,MATO GROSSO DO SUL,OLEO DIESEL,58,R$/l,7.17,0.2628072770145162,6.86,7.73,0.03663528138566297
2022-08-07 00:00:00,2022-08-13 00:00:00,SUDESTE,MINAS GERAIS,OLEO DIESEL,290,R$/l,7.28,0.23797330920815,6.69,7.95,0.03267276332322194
2022-08-07 00:00:00,2022-08-13 00:00:00,SUL,PARANA,OLEO DIESEL,166,R$/l,7,0.23310485867289693,6.59,7.99,0.03328974622593477
2022-08-07 00:00:00,2022-08-13 00:00:00,NORDESTE,PARAIBA,OLEO DIESEL,29,R$/l,7.17,0.17008618504989645,6.87,7.65,0.02373808661974719
2022-08-07 00:00:00,2022-08-13 00:00:00,NORTE,PARA,OLEO DIESEL,77,R$/l,7.65,0.37449756726566524,6.99,8.81,0.048953373057877315
2022-08-07 00:00:00,2022-08-13 00:00:00,NORDESTE,PERNAMBUCO,OLEO DIESEL,12,R$/l,7.18,0.20720908778479294,6.79,7.39,0.02884615631840698
2022-08-07 00:00:00,2022-08-13 00:00:00,NORDESTE,PIAUI,OLEO DIESEL,25,R$/l,7.35,0.23943127058371738,6.98,7.89,0.03259177672143366
2022-08-07 00:00:00,2022-08-13 00:00:00,SUDESTE,RIO DE JANEIRO,OLEO DIESEL,131,R$/l,7.29,0.24199498691808075,6.69,7.96,0.03319756201537748
2022-08-07 00:00:00,2022-08-13 00:00:00,NORDESTE,RIO GRANDE DO NORTE,OLEO DIESEL,38,R$/l,7.37,0.23892078953072662,6.99,7.89,0.03241411529491524
2022-08-07 00:00:00,2022-08-13 00:00:00,SUL,RIO GRANDE DO SUL,OLEO DIESEL,239,R$/l,7.09,0.29563543922966795,6.5,7.99,0.04167354155726109
2022-08-07 00:00:00,2022-08-13 00:00:00,NORTE,RONDONIA,OLEO DIESEL,60,R$/l,7.62,0.22821377813592564,7.14,8.32,0.029938781682333795
2022-08-07 00:00:00,2022-08-13 00:00:00,NORTE,RORAIMA,OLEO DIESEL,12,R$/l,7.6,0.08192291276781874,7.54,7.84,0.010775785960910061
2022-08-07 00:00:00,2022-08-13 00:00:00,SUL,SANTA CATARINA,OLEO DIESEL,82,R$/l,7.14,0.24466132439665533,6.6,7.766,0.034283833240261935
2022-08-07 00:00:00,2022-08-13 00:00:00,NORDESTE,SERGIPE,OLEO DIESEL,17,R$/l,6.78,0.20484929898371046,6.58,7.39,0.030220493201420718
2022-08-07 00:00:00,2022-08-13 00:00:00,SUDESTE,SAO PAULO,OLEO DIESEL,600,R$/l,7.19,0.28090110140434243,6.29,8.21,0.0390771060710742
2022-08-07 00:00:00,2022-08-13 00:00:00,NORTE,TOCANTINS,OLEO DIESEL,25,R$/l,7.19,0.266894486017727,6.69,7.69,0.03713984276371275
2022-08-07 00:00:00,2022-08-13 00:00:00,NORTE,ACRE,OLEO DIESEL S10,39,R$/l,7.98,0.3559621353955466,7.76,8.7,0.04461508058780315
2022-08-07 00:00:00,2022-08-13 00:00:00,NORDESTE,ALAGOAS,OLEO DIESEL S10,52,R$/l,7.19,0.4729185960519044,6.79,8.46,0.06576972295960934
2022-08-07 00:00:00,2022-08-13 00:00:00,NORTE,AMAPA,OLEO DIESEL S10,9,R$/l,7.58,0.2618576797507464,7.3,8.09,0.03456379274448646
2022-08-07 00:00:00,2022-08-13 00:00:00,NORTE,AMAZONAS,OLEO DIESEL S10,57,R$/l,7.44,0.48310114550886774,7.09,8.99,0.06496109420106173
2022-08-07 00:00:00,2022-08-13 00:00:00,NORDESTE,BAHIA,OLEO DIESEL S10,279,R$/l,7.08,0.36618830304703354,6.52,8.49,0.05173749365095916
2022-08-07 00:00:00,2022-08-13 00:00:00,NORDESTE,CEARA,OLEO DIESEL S10,205,R$/l,7.48,0.30583546618541996,6.59,8.39,0.04086260512976911
2022-08-07 00:00:00,2022-08-13 00:00:00,CENTRO OESTE,DISTRITO FEDERAL,OLEO DIESEL S10,37,R$/l,7.39,0.26035809251171027,7.07,7.99,0.035251763541308156
2022-08-07 00:00:00,2022-08-13 00:00:00,SUDESTE,ESPIRITO SANTO,OLEO DIESEL S10,86,R$/l,7.28,0.23641535940252,6.89,8.49,0.03249022256950751
2022-08-07 00:00:00,2022-08-13 00:00:00,CENTRO OESTE,GOIAS,OLEO DIESEL S10,191,R$/l,7.45,0.20527616170098636,6.88,7.99,0.02754086437109953
2022-08-07 00:00:00,2022-08-13 00:00:00,NORDESTE,MARANHAO,OLEO DIESEL S10,109,R$/l,7.45,0.3107938439796667,6.98,8.19,0.041725375562297704
2022-08-07 00:00:00,2022-08-13 00:00:00,CENTRO OESTE,MATO GROSSO,OLEO DIESEL S10,139,R$/l,7.63,0.2822679128822373,7.05,8.33,0.036998175094064376
2022-08-07 00:00:00,2022-08-13 00:00:00,CENTRO OESTE,MATO GROSSO DO SUL,OLEO DIESEL S10,72,R$/l,7.29,0.26502177546580685,6.89,7.83,0.036345357170153414
2022-08-07 00:00:00,2022-08-13 00:00:00,SUDESTE,MINAS GERAIS,OLEO DIESEL S10,410,R$/l,7.36,0.24914193784689914,6.89,7.99,0.033834106867925075
2022-08-07 00:00:00,2022-08-13 00:00:00,SUL,PARANA,OLEO DIESEL S10,289,R$/l,7.17,0.2603552095878898,6.69,7.99,0.03630195925433374
2022-08-07 00:00:00,2022-08-13 00:00:00,NORDESTE,PARAIBA,OLEO DIESEL S10,57,R$/l,7.37,0.18508956038471894,7.08,7.96,0.025127884267417324
2022-08-07 00:00:00,2022-08-13 00:00:00,NORTE,PARA,OLEO DIESEL S10,108,R$/l,7.61,0.3812273065498578,6.94,8.85,0.05011193416806866
2022-08-07 00:00:00,2022-08-13 00:00:00,NORDESTE,PERNAMBUCO,OLEO DIESEL S10,173,R$/l,7.13,0.21605010173072633,6.65,7.9,0.030313355940802575
2022-08-07 00:00:00,2022-08-13 00:00:00,NORDESTE,PIAUI,OLEO DIESEL S10,62,R$/l,7.36,0.24287869023502298,7.05,8,0.03298166131308694
2022-08-07 00:00:00,2022-08-13 00:00:00,SUDESTE,RIO DE JANEIRO,OLEO DIESEL S10,296,R$/l,7.37,0.26477556637594496,6.79,8.29,0.03593418639547538
2022-08-07 00:00:00,2022-08-13 00:00:00,NORDESTE,RIO GRANDE DO NORTE,OLEO DIESEL S10,57,R$/l,7.63,0.25777800283745533,6.96,7.99,0.033786245557085696
2022-08-07 00:00:00,2022-08-13 00:00:00,SUL,RIO GRANDE DO SUL,OLEO DIESEL S10,315,R$/l,7.17,0.29969807902356904,6.65,7.99,0.04181499683449698
2022-08-07 00:00:00,2022-08-13 00:00:00,NORTE,RONDONIA,OLEO DIESEL S10,66,R$/l,7.67,0.22595010898039364,7.14,8.34,0.029443345461399047
2022-08-07 00:00:00,2022-08-13 00:00:00,NORTE,RORAIMA,OLEO DIESEL S10,13,R$/l,7.69,0.06473813127535914,7.64,7.89,0.008419324795714977
2022-08-07 00:00:00,2022-08-13 00:00:00,SUL,SANTA CATARINA,OLEO DIESEL S10,181,R$/l,7.21,0.29630811479780245,5.46,7.99,0.04108158910337652
2022-08-07 00:00:00,2022-08-13 00:00:00,NORDESTE,SERGIPE,OLEO DIESEL S10,45,R$/l,6.92,0.24086921720713886,6.6,7.49,0.03481466807600893
2022-08-07 00:00:00,2022-08-13 00:00:00,SUDESTE,SAO PAULO,OLEO DIESEL S10,1180,R$/l,7.33,0.2990607099105743,6.29,9,0.04078324052520673
2022-08-07 00:00:00,2022-08-13 00:00:00,NORTE,TOCANTINS,OLEO DIESEL S10,35,R$/l,7.24,0.2719747269524143,6.69,7.79,0.03759373398659074
2022-08-07 00:00:00,2022-08-13 00:00:00,NORDESTE,ALAGOAS,GNV,8,R$/m³,4.55,0.26351673842200507,4.55,5.3,0.05791576668615496
2022-08-07 00:00:00,2022-08-13 00:00:00,NORTE,AMAZONAS,GNV,3,R$/m³,3.99,0,3.99,3.99,0
2022-08-07 00:00:00,2022-08-13 00:00:00,NORDESTE,BAHIA,GNV,27,R$/m³,4.48,0.05198071086464968,4.41,4.69,0.011602108385128427
2022-08-07 00:00:00,2022-08-13 00:00:00,NORDESTE,CEARA,GNV,14,R$/m³,5.33,0.07549106635159594,5.24,5.39,0.014171023450286178
2022-08-07 00:00:00,2022-08-13 00:00:00,CENTRO OESTE,DISTRITO FEDERAL,GNV,1,R$/m³,6.42,-,6.42,6.42,-
2022-08-07 00:00:00,2022-08-13 00:00:00,SUDESTE,ESPIRITO SANTO,GNV,16,R$/m³,5.06,0.07601217007821834,4.899,5.149,0.01503421870621637
2022-08-07 00:00:00,2022-08-13 00:00:00,CENTRO OESTE,MATO GROSSO,GNV,3,R$/m³,3.19,0.005773502691896135,3.18,3.19,0.0018112949621634934
2022-08-07 00:00:00,2022-08-13 00:00:00,CENTRO OESTE,MATO GROSSO DO SUL,GNV,4,R$/m³,4.93,0.07320063751999276,4.85,4.99,0.01485553272856271
2022-08-07 00:00:00,2022-08-13 00:00:00,SUDESTE,MINAS GERAIS,GNV,11,R$/m³,5.44,0.15087020309464094,5.22,5.59,0.027726126692431814
2022-08-07 00:00:00,2022-08-13 00:00:00,SUL,PARANA,GNV,5,R$/m³,5.94,0.041833001326704054,5.89,5.99,0.007042592815943443
2022-08-07 00:00:00,2022-08-13 00:00:00,NORDESTE,PARAIBA,GNV,10,R$/m³,5.11,0.1729515025150755,4.95,5.39,0.03383771196276313
2022-08-07 00:00:00,2022-08-13 00:00:00,NORDESTE,PERNAMBUCO,GNV,19,R$/m³,4.23,0.2884410609015904,4.08,5.47,0.06824381261421009
2022-08-07 00:00:00,2022-08-13 00:00:00,SUDESTE,RIO DE JANEIRO,GNV,137,R$/m³,4.98,0.4822143601521718,4.49,6.89,0.09683816368913019
2022-08-07 00:00:00,2022-08-13 00:00:00,NORDESTE,RIO GRANDE DO NORTE,GNV,10,R$/m³,4.41,0.07791733511299738,4.39,4.59,0.017651214671486497
2022-08-07 00:00:00,2022-08-13 00:00:00,SUL,RIO GRANDE DO SUL,GNV,24,R$/m³,6.01,0.23288362460399759,5.49,6.45,0.03873425338600244
2022-08-07 00:00:00,2022-08-13 00:00:00,SUL,SANTA CATARINA,GNV,28,R$/m³,5.96,0.1723108847556968,5.79,6.59,0.028904866821518226
2022-08-07 00:00:00,2022-08-13 00:00:00,NORDESTE,SERGIPE,GNV,8,R$/m³,5.16,0.010350983390135552,5.14,5.16,0.0020079598027416957
2022-08-07 00:00:00,2022-08-13 00:00:00,SUDESTE,SAO PAULO,GNV,61,R$/m³,5.43,0.3279902370931417,4.88,6.09,0.060377649868908305
2022-08-07 00:00:00,2022-08-13 00:00:00,NORTE,ACRE,GLP,26,R$/13kg,130.07,6.065793118286029,120,145,0.0466335040100243
2022-08-07 00:00:00,2022-08-13 00:00:00,NORDESTE,ALAGOAS,GLP,14,R$/13kg,110.12,4.87497607770969,100,115,0.04427158666287203
2022-08-07 00:00:00,2022-08-13 00:00:00,NORTE,AMAPA,GLP,15,R$/13kg,122.3,3.0814344217000778,115,125,0.025195208649376806
2022-08-07 00:00:00,2022-08-13 00:00:00,NORTE,AMAZONAS,GLP,54,R$/13kg,118.12,8.133545665596257,106,140,0.06885783685520112
2022-08-07 00:00:00,2022-08-13 00:00:00,NORDESTE,BAHIA,GLP,182,R$/13kg,113.25,7.919433404656694,98,145,0.06992785716037782
2022-08-07 00:00:00,2022-08-13 00:00:00,NORDESTE,CEARA,GLP,125,R$/13kg,115.34,5.99082307124553,95,128,0.051938999492156704
2022-08-07 00:00:00,2022-08-13 00:00:00,CENTRO OESTE,DISTRITO FEDERAL,GLP,42,R$/13kg,105.57,6.77624624569873,94.99,129.99,0.06419056327981461
2022-08-07 00:00:00,2022-08-13 00:00:00,SUDESTE,ESPIRITO SANTO,GLP,93,R$/13kg,106.74,8.055760246038545,84.99,125,0.07547109977496129
2022-08-07 00:00:00,2022-08-13 00:00:00,CENTRO OESTE,GOIAS,GLP,175,R$/13kg,118.65,10.899072593679659,94.99,140,0.09185974306000595
2022-08-07 00:00:00,2022-08-13 00:00:00,NORDESTE,MARANHAO,GLP,66,R$/13kg,114.15,6.977415022504429,99.99,130,0.061126414950375435
2022-08-07 00:00:00,2022-08-13 00:00:00,CENTRO OESTE,MATO GROSSO,GLP,95,R$/13kg,132.41,12.244081894261026,99.99,150,0.09247070613332217
2022-08-07 00:00:00,2022-08-13 00:00:00,CENTRO OESTE,MATO GROSSO DO SUL,GLP,103,R$/13kg,111.21,7.864172676062389,95,130,0.07071500120041194
2022-08-07 00:00:00,2022-08-13 00:00:00,SUDESTE,MINAS GERAIS,GLP,449,R$/13kg,113.33,8.58082757258624,89,140,0.07571595614616088
2022-08-07 00:00:00,2022-08-13 00:00:00,SUL,PARANA,GLP,370,R$/13kg,112.2,8.814793577052727,94,140,0.0785660374237768
2022-08-07 00:00:00,2022-08-13 00:00:00,NORDESTE,PARAIBA,GLP,56,R$/13kg,111.38,6.992556243940791,94.99,125,0.06278098738006417
2022-08-07 00:00:00,2022-08-13 00:00:00,NORTE,PARA,GLP,153,R$/13kg,119.85,10.207462876474894,104,150,0.0851701314933556
2022-08-07 00:00:00,2022-08-13 00:00:00,NORDESTE,PERNAMBUCO,GLP,160,R$/13kg,101.46,6.652214422703836,89.99,118,0.06556511454741897
2022-08-07 00:00:00,2022-08-13 00:00:00,NORDESTE,PIAUI,GLP,34,R$/13kg,117.97,5.7227711725219415,99.99,130,0.04850936572084972
2022-08-07 00:00:00,2022-08-13 00:00:00,SUDESTE,RIO DE JANEIRO,GLP,169,R$/13kg,100.29,8.326378146691503,87.99,122,0.08302618332814536
2022-08-07 00:00:00,2022-08-13 00:00:00,NORDESTE,RIO GRANDE DO NORTE,GLP,42,R$/13kg,117.21,7.752035890845817,100,139,0.06613704064422865
2022-08-07 00:00:00,2022-08-13 00:00:00,SUL,RIO GRANDE DO SUL,GLP,366,R$/13kg,112.04,8.014075797108644,88,137,0.07152863238002062
2022-08-07 00:00:00,2022-08-13 00:00:00,NORTE,RONDONIA,GLP,55,R$/13kg,133.07,9.578002740567394,113,148,0.0719759395249588
2022-08-07 00:00:00,2022-08-13 00:00:00,NORTE,RORAIMA,GLP,24,R$/13kg,121.5,4.363883392217254,113,135,0.03591673573841361
2022-08-07 00:00:00,2022-08-13 00:00:00,SUL,SANTA CATARINA,GLP,92,R$/13kg,120.46,9.523422516792442,93,160,0.0790621094347721
2022-08-07 00:00:00,2022-08-13 00:00:00,NORDESTE,SERGIPE,GLP,26,R$/13kg,105.94,5.477619190852901,97.99,119.99,0.051706920874410464
2022-08-07 00:00:00,2022-08-13 00:00:00,SUDESTE,SAO PAULO,GLP,962,R$/13kg,109,8.453681776671202,81.99,139,0.07755473984473578
2022-08-07 00:00:00,2022-08-13 00:00:00,NORTE,TOCANTINS,GLP,77,R$/13kg,121.51,4.144585849759746,100,130,0.03410993696783756
,,,,,,,,,,,
